case_id,control_family,comment,enabled_branches,raw_finding_count,finding_count,whitelist_ignored_count,generic_finding_count,spacy_finding_count,gliner_finding_count,gliner_filtered_distractor_count,regex_finding_count,generic_max_score,spacy_max_score,gliner_max_score,regex_max_score,raw_finding_count_by_engine,whitelist_ignored_count_by_engine,branch_errors
case_951,,,gliner,0,0,0,0,0,0,0,0,,,,,{},{},{}
case_952,,,gliner,0,0,0,0,0,0,5,0,,,,,{},{},{}
case_953,,,gliner,0,0,0,0,0,0,0,0,,,,,{},{},{}
case_954,,,gliner,0,0,0,0,0,0,4,0,,,,,{},{},{}
case_955,,,gliner,0,0,0,0,0,0,5,0,,,,,{},{},{}
case_956,,,gliner,0,0,0,0,0,0,0,0,,,,,{},{},{}
case_957,,,gliner,0,0,0,0,0,0,4,0,,,,,{},{},{}
case_958,,,gliner,0,0,0,0,0,0,6,0,,,,,{},{},{}
case_959,,,gliner,0,0,0,0,0,0,0,0,,,,,{},{},{}
