name,rows,columns,path
test_cases,9,4,D:\Workspaces\TestPresentationNLP\outputs\comparaison_branches\test_cases.csv
referentials,7,2,D:\Workspaces\TestPresentationNLP\outputs\comparaison_branches\referentials.csv
case_summary,9,19,D:\Workspaces\TestPresentationNLP\outputs\comparaison_branches\case_summary.csv
results_all,9,26,D:\Workspaces\TestPresentationNLP\outputs\comparaison_branches\results_all.csv
alerts,0,26,D:\Workspaces\TestPresentationNLP\outputs\comparaison_branches\alerts.csv
whitelist_ignored,0,26,D:\Workspaces\TestPresentationNLP\outputs\comparaison_branches\whitelist_ignored.csv
comparison,0,11,D:\Workspaces\TestPresentationNLP\outputs\comparaison_branches\comparison.csv
count_pivot,0,5,D:\Workspaces\TestPresentationNLP\outputs\comparaison_branches\count_pivot.csv
score_view,0,15,D:\Workspaces\TestPresentationNLP\outputs\comparaison_branches\score_view.csv
branch_errors,0,2,D:\Workspaces\TestPresentationNLP\outputs\comparaison_branches\branch_errors.csv
